Date,Daily Visitors
01-10-2021,2649
02-10-2021,2000
03-10-2021,2011
04-10-2021,3219
05-10-2021,3870
06-10-2021,3222
07-10-2021,2906
08-10-2021,2821
09-10-2021,2500
10-10-2021,2108
11-10-2021,3248
12-10-2021,2740
13-10-2021,2851
14-10-2021,2187
15-10-2021,1578
16-10-2021,2058
17-10-2021,2087
18-10-2021,3357
19-10-2021,3078
20-10-2021,3038
21-10-2021,3133
22-10-2021,3016
23-10-2021,2125
24-10-2021,1991
25-10-2021,3183
26-10-2021,3207
27-10-2021,2862
28-10-2021,2704
29-10-2021,2743
30-10-2021,2056
31-10-2021,1730
01-11-2021,2369
02-11-2021,2219
03-11-2021,1890
04-11-2021,1245
05-11-2021,1860
06-11-2021,1814
07-11-2021,1623
08-11-2021,2628
09-11-2021,2557
10-11-2021,3195
11-11-2021,3097
12-11-2021,2648
13-11-2021,2319
14-11-2021,1725
15-11-2021,3206
16-11-2021,3105
17-11-2021,2734
18-11-2021,2974
19-11-2021,3082
20-11-2021,2676
21-11-2021,2336
22-11-2021,3607
23-11-2021,3314
24-11-2021,3388
25-11-2021,3076
26-11-2021,2901
27-11-2021,2478
28-11-2021,2239
29-11-2021,3106
30-11-2021,3403
01-12-2021,3371
02-12-2021,3289
03-12-2021,2847
04-12-2021,2264
05-12-2021,2109
06-12-2021,3277
07-12-2021,3350
08-12-2021,3250
09-12-2021,2461
10-12-2021,2613
11-12-2021,2293
12-12-2021,1931
13-12-2021,2682
14-12-2021,2873
15-12-2021,2594
16-12-2021,2615
17-12-2021,2276
18-12-2021,1970
19-12-2021,1787
20-12-2021,2549
21-12-2021,2657
22-12-2021,2330
23-12-2021,2525
24-12-2021,2103
25-12-2021,1580
26-12-2021,1892
27-12-2021,2750
28-12-2021,2772
29-12-2021,2686
30-12-2021,2581
31-12-2021,1932
01-01-2022,1676
02-01-2022,2352
03-01-2022,3521
04-01-2022,3360
05-01-2022,3230
06-01-2022,2954
07-01-2022,2662
08-01-2022,2292
09-01-2022,2137
10-01-2022,3319
11-01-2022,3307
12-01-2022,3001
13-01-2022,2794
14-01-2022,2301
15-01-2022,2495
16-01-2022,2343
17-01-2022,3398
18-01-2022,3184
19-01-2022,3565
20-01-2022,4509
21-01-2022,3216
22-01-2022,2730
23-01-2022,2610
24-01-2022,3452
25-01-2022,3202
26-01-2022,2534
27-01-2022,2952
28-01-2022,2751
29-01-2022,2351
30-01-2022,2459
31-01-2022,3003
01-02-2022,2996
02-02-2022,2903
03-02-2022,3225
04-02-2022,2639
05-02-2022,2321
06-02-2022,1979
07-02-2022,2904
08-02-2022,2999
09-02-2022,2790
10-02-2022,2642
11-02-2022,2484
12-02-2022,2152
13-02-2022,2017
14-02-2022,2789
15-02-2022,2820
16-02-2022,2968
17-02-2022,2876
18-02-2022,2594
19-02-2022,2370
20-02-2022,2167
21-02-2022,3616
22-02-2022,6407
23-02-2022,4751
24-02-2022,4961
25-02-2022,3860
26-02-2022,4210
27-02-2022,3699
28-02-2022,7165
01-03-2022,4687
02-03-2022,4231
03-03-2022,3543
04-03-2022,3182
05-03-2022,2450
06-03-2022,2368
07-03-2022,3166
08-03-2022,3236
09-03-2022,3072
10-03-2022,2953
11-03-2022,2640
12-03-2022,2212
13-03-2022,2120
14-03-2022,3530
15-03-2022,3524
16-03-2022,3320
17-03-2022,3399
18-03-2022,2494
19-03-2022,2976
20-03-2022,2534
21-03-2022,3641
22-03-2022,4031